{"cameraMode":{"drawMode":0,"name":"Shaded","section":"Shading Mode"},"sceneLighting":true,"audioPlay":false,"sceneViewState":{"showFog":true,"showMaterialUpdate":false,"showSkybox":true,"showFlares":true,"showImageEffects":true,"showParticleSystems":true,"showVisualEffectGraphs":true,"m_FxEnabled":true},"in2DMode":false,"pivot":{"x":-32.68314743041992,"y":38.790985107421878,"z":234.96319580078126},"rotation":{"x":0.06106597185134888,"y":0.052975453436374667,"z":0.0032467932906001808,"w":-0.9967320561408997},"size":124.48599243164063,"orthographic":false}